"id","db","song","tag"
"1","1","1692","funny  hip hop circus me"
"23","1","71","pop song"
"261","1","2099","Orchestra"
"260","1","2099","Epic"
"7","2","29","awesome"
"9","1","1815","techno"
"10","1","1815","glitch"
"11","1","2080","techno"
"12","1","2080","dance"
"13","1","142","ghostbusters"
"14","1","142","parody"
"15","1","142","mashup"
"16","1","958","string"
"17","1","958","violin"
"75","1","191","trance"
"68","1","102","piano"
"57","1","1468","trance"
"24","1","1017","orchestra"
"25","1","1017","string"
"26","1","1017","violin"
"47","1","2197","4:43"
"42","1","2196","chopped vocals"
"2252","1","0","Long"
"36","1","2017","rehashed"
"37","1","2017","7:35"
"39","1","2090","Violent"
"40","1","2090","celestial"
"41","1","2090","8:23"
"43","1","2196","5:32"
"44","1","1563","mellow"
"45","1","1563","rock"
"48","1","2197","110 BPM"
"49","1","649","french"
"50","1","649","piano"
"51","1","649","classy"
"52","1","150","epic"
"53","1","150","industrial"
"54","1","150","awesome"
"2253","1","0","LONG"
"58","1","1468","piano"
"59","1","1468","hypnotic"
"60","1","2029","string"
"61","1","2029","violin"
"62","1","2029","techno"
"63","1","1579","bassy"
"64","1","1579","nice drums"
"65","1","1579","techno"
"66","1","101","jazzy"
"67","1","101","piano"
"69","1","102","too short"
"70","1","873","techno"
"71","1","873","bassy"
"72","1","873","industrial"
"74","1","2112","WTF"
"76","1","191","great drums"
"77","1","1823","brass"
"79","1","959","orchestra"
"80","1","959","string"
"81","1","1621","creepy ambient"
"82","2","209","60 BPM"
"83","1","2042","fresh meat NIN remix"
"86","1","2199","6:00"
"87","1","2199","industrial electronica"
"88","1","2199","noisy"
"90","1","2070","House"
"91","1","2070","Dance"
"92","1","2070","House"
"95","1","1975","Parody"
"692","1","2183","not much different than"
"693","1","2183","not slaughtered!"
"98","1","2116","dance"
"99","1","2116","speedy"
"103","1","2178","breaks"
"104","1","2178","dark"
"105","1","2178","5:52"
"106","1","2097","dark"
"107","1","2097","chill"
"108","1","2097","5:10"
"109","1","2180","awesome"
"111","2","170","Dr Who inspired"
"112","1","2198","Closer"
"113","1","2007","100bpm"
"243","1","1967","69bpm"
"116","1","2200","sexy"
"117","1","2203","6:56"
"118","1","2203","tribal"
"119","1","2203","dark"
"120","1","1627","ELECTROCRUCH!"
"122","1","1590","BASH BUSH MIX"
"292","1","1469","Glitch"
"124","1","2200","Techno"
"125","1","2014","Simply Beautiful"
"126","1","1639","SPACE AGE GUNSLINGER ROC"
"128","1","1824","analog synth"
"129","1","2094","analog synth"
"130","1","2094","tribal"
"131","1","1175","stomping electro interpr"
"132","1","2206","Industrial"
"133","1","2206","Electronica 126bpm"
"134","1","2213","???"
"136","1","2203","tribal"
"137","1","2203","trance"
"138","1","2207","heavy"
"1792","1","2112","fails worse than anythin"
"140","1","2181","dancey"
"141","1","1899","fragmented"
"143","1","1901","slow drone"
"144","1","2026","fast beats"
"145","1","1985","not in time"
"146","1","2009","similar"
"147","1","1852","cool bass"
"148","1","1640","silly"
"149","1","1687","similar"
"151","1","1642","fast"
"152","1","1580","sound effects"
"153","1","1586","slick"
"154","1","1823","cheezy"
"155","1","1680","clowns nose"
"156","1","1637","thick"
"157","1","1923","annoying"
"158","1","1481","strange"
"159","1","1673","horns"
"160","1","1888","meak"
"161","1","1554","speed"
"162","1","1748","messy"
"163","1","1622","boring"
"165","1","2167","reworked"
"166","2","29","better then awesome"
"167","1","2214","power noise"
"203","1","2220","tag?"
"175","2","213","Fan Inspired"
"176","1","538","Classic"
"178","1","2205","dance"
"179","1","2205","speedy"
"180","1","2084","dance"
"181","1","1763","Beachboys Rock?"
"183","1","2023","Clayderman meets Elton!"
"184","1","1800","Let\'s all chant"
"185","1","2056","More Drums???"
"186","1","2223","experimental"
"187","1","2167","electotribal"
"188","1","2167","hip hop"
"189","1","1693","pro!"
"190","1","1374","piano"
"192","1","1394","beautiful"
"193","1","1953","conductor"
"194","1","1953","survivalism"
"195","1","1953","weird but interesting"
"196","1","1953",
"197","1","1851","Industrial-dance"
"198","1","1851","mix"
"199","1","1613","Further Down Year Zero"
"200","1","2120","Trance remix"
"201","2","215","string quartet"
"202","2","213","Neubauten inspired"
"286","2","214","Violin Bass"
"208","1","1530","House"
"210","1","2224","happy sound?"
"212","1","2188","blues guitar"
"213","1","2201","minimal industrial"
"214","2","178","complex movie music"
"215","2","137","heavy soundscape"
"216","2","216","ambient"
"217","1","963","Exotic"
"218","1","963","Strange"
"219","1","963","Heavy"
"220","1","1507","Unconventional"
"221","1","1507","Deep"
"222","2","104","Electronica"
"223","2","104","industrial"
"224","1","2231","Funky"
"225","1","2221","tag!"
"226","1","554","Nice Rocking Disco"
"227","2","218","Original"
"228","1","2233","Breakbeat"
"229","1","1667","Turd on a Stick"
"837","2","25","low-quality"
"231","1","1858","sassy!"
"232","1","2101","not so harsh mix"
"233","1","1786","up tempo"
"234","1","1979","techno"
"235","1","1766","grunge guitar"
"236","1","1864","culture?"
"238","1","1810","heavy bass"
"239","1","1526","diff"
"240","1","1793","triphop"
"242","1","2053","138 bpm"
"244","1","1967","noise"
"245","1","2234","industrial"
"246","1","2247","baguette avec marmelade"
"247","1","1763","definitely beach boys ro"
"250","1","2212","Heavier"
"251","1","2221","unconventional"
"252","2","165","contest winner"
"255","1","2304","Tune"
"254","1","2304","Tune"
"256","1","2299","130bpm"
"259","2","222","Not TR"
"263","1","1938","lcn"
"264","1","2306","my best remix"
"265","2","227","stripped"
"266","2","222","not nin but still good"
"267","1","2099","NIN   Elfman = Tim Burto"
"269","2","222","tags are not for comment"
"270","1","2301","funky"
"271","1","2301","104bpm"
"272","1","2301","104bpm"
"273","1","2301","funky"
"274","1","285","Static-mechanical Robot"
"275","2","218","Stickwaver Rave Trance D"
"359","1","2208","Little Devi"
"360","2","226","its crap"
"287","2","214","SexEpic"
"293","1","1469","very unique."
"1326","1","1752","PAINFUL CONVICTIONS CONT"
"1496","1","1867","limitless potential winn"
"297","1","2183","pro"
"298","1","2093","dancey riffs"
"299","1","2086","robotic busy bees"
"300","1","2207","machine sex"
"301","1","2080","5 star experience"
"302","1","2296","ambient space drifter"
"304","1","2194","Intense Sea Side Murder"
"305","1","2109","Intro track"
"306","1","2242","unofficial remix"
"308","1","2116","tempo increase"
"309","1","2112","WOW!!"
"310","2","205","Trent pre puberty"
"312","1","2088","analog drum fun"
"314","1","2195","Inside a straw"
"315","1","2119","Gansta Piano"
"316","1","122","One of the Best NIN mixe"
"1777","1","777","mashup"
"319","1","2193","guten tag"
"320","1","2068","oooo smooth"
"321","1","2084","low volume level"
"322","1","1925","erase"
"323","1","1667","moar brazz"
"324","1","2056","adhd"
"325","1","1667","Leave me tag alone !"
"327","1","1829","It\'s clever to swear???"
"328","1","2313","very cool!!"
"330","2","65","hard techno"
"335","1","2014","Epic"
"336","1","2014","Orchestra"
"337","1","1741","Techno"
"2205","1","2715","Luv Ur Beats"
"339","1","2213","Remix"
"341","1","1944","Capital Capital Capital"
"2257","1","2931","string arrangement"
"344","1","2306","wath do you thik about o"
"345","1","2176","rock the bass"
"346","1","1555","techno"
"347","1","1555","trance"
"348","1","1449","dance"
"349","2","203","test"
"353","1","2324","obscure"
"352","1","2324","deep"
"354","1","2317","Noisy"
"356","1","2347","Very Original"
"357","1","2347","Incredible Remix"
"361","1","1670","FUNKY GROOVE"
"365","1","2347","unoriginal"
"374","1","2183","LAME"
"375","1","2177","chicken"
"376","1","2306","o"
"379","1","1776","It\'s Awesome"
"380","1","1620","Not What I Thought."
"383","1","1896","jazzy"
"384","1","2032","horns"
"388","1","2309","creepy"
"386","1","2319","ambient"
"387","1","2320","fast"
"389","1","1620","ambient"
"390","1","1776","fast"
"391","1","2318","mash up"
"392","1","2323","acoustic"
"393","1","1998","noisy"
"394","1","2299","rocks"
"396","1","2314","rocks"
"397","1","2298","sped up"
"398","1","2353","car chase theme"
"399","1","2306","o"
"400","1","2176","SOLID BASS"
"401","2","142","RPG Music"
"402","1","2352","Chad Holland"
"403","1","2177","awkward"
"404","2","142","Strings"
"405","1","1623","the residents"
"406","2","220","soft"
"407","2","220","soothing version"
"408","1","2359","F***ing Incredible!"
"409","2","220","very retarded"
"411","1","2240","ver retarded"
"412","1","2305","very retarded"
"413","2","141","fuck"
"414","1","1752","anal sex"
"415","1","2359","amazing"
"417","1","2360","95bpm"
"423","1","2326","pentuim3mix"
"422","1","2241","pentium3mix"
"421","1","2348","pentium3mix"
"424","1","2240","pentium3mix"
"425","1","2305","pentium3mix"
"426","1","2356","Ozone"
"427","1","2356","Cher?"
"428","1","1752","vocal tweaks!"
"430","1","2357","Did some1 see my typewri"
"431","1","2036","Dark"
"432","1","2036","But good."
"541","1","2319","Scary Ambient"
"434","1","2319","Ambient"
"435","1","1563","lounge"
"436","1","1563","noise"
"437","1","2231","Ber ber chicka chicka be"
"438","1","2353","New Sight to mix!"
"439","1","1468","chill out"
"440","1","1555","psy trance"
"441","1","2231","Funky"
"442","1","1658","Trent pilots Airwolf"
"444","1","2363","same as original"
"445","1","1230","rape mash? jeez.."
"1501","1","1800","sucks"
"447","1","2099","WTF???"
"448","1","1926","hilarious!"
"449","1","2182","pointless"
"1502","1","2023","sucks"
"1503","1","2606","sucks"
"453","1","2319","a bit boring"
"454","1","2177","where\'s the tune?"
"455","0","0",
"456","1","2231","ber ber chicka ber ber"
"457","1","2231","b"
"458","1","2221","excellent"
"459","2","203","ambient"
"460","2","172","hurt/doogie mix"
"463","1","2099","Orchestra"
"464","1","2099","Epic"
"465","1","2358","exhibit24.com"
"466","1","2367","Intesting mix"
"467","1","2247","Merde"
"468","1","2350","blues?"
"469","1","2352","sloowww"
"470","1","2349","drum and bass"
"471","1","2368","slow"
"472","1","2355","funky bass"
"473","1","2356","bouncy"
"474","1","1849","KILLER"
"475","2","98","phenomenal"
"477","1","1800","No melody - that\'s the"
"478","2","76","dark"
"479","2","76","dance"
"480","1","2191","Too slow"
"481","1","2317","Wave of noise"
"482","1","2370","its not that great 5 sta"
"483","1","2359","it is pretty good"
"484","1","2359","not amazing"
"485","2","220","soft"
"486","1","2370","mellow not the typical N"
"487","1","2373","ambient"
"488","1","2373","mellow"
"489","1","2373","nice change"
"490","1","2372","pitch - 12"
"491","1","2365","Good idea"
"492","1","2365","Bad mix!"
"493","1","2112","Abomination."
"494","1","2370","dark"
"495","1","2370","Dark"
"496","1","2370","brooding"
"497","1","2370","shivers down your spine"
"499","1","2376","Trent unplugged!"
"500","1","1267","I Don\'t Know"
"501","1","2379","trance and deep"
"502","1","2379","well put together"
"503","1","1692","BORING"
"504","1","1692","BORING!!!"
"505","1","2381","Shuffle Your Feet!"
"506","2","234","rockbar"
"507","1","2366","fast-indeed"
"509","1","2381","Porn Music"
"519","2","235","A Fast Synth Rock Cover"
"672","1","2370","mellow"
"673","1","2370","trance"
"516","1","2375","NIN sounding"
"517","1","2372","Would be good without ly"
"518","2","237","Here To Darken Your Day"
"520","1","2383","cool !!"
"521","1","2380","mindfunk"
"522","1","1469","best surv. mix"
"525","1","1510","repeat listen"
"526","1","2388","pentium 3 mix"
"528","1","2371","review please"
"529","1","2369","review please"
"530","1","2364","review please"
"531","1","71","bossa nova"
"532","1","1915","hnd in the air"
"533","1","554","Sloppy drums"
"534","1","554","low vocals!"
"535","1","1394","strange/brilliant"
"536","1","2385","DISTURBING!!!"
"537","1","2385","RETARDED!"
"538","1","71","Clever"
"539","1","2372","Trent sold his SOUL"
"540","2","238","U HEAR ME NOW???"
"542","1","2359","mellow"
"543","1","2359","dark"
"544","1","2359","orchestral"
"545","1","243","more dark than the origi"
"546","1","1695","orchestral and also elec"
"547","1","1525","filled with ARG elements"
"548","1","1045","Piano Version with elect"
"549","1","2356","synthy"
"550","2","49","hard hitting beat"
"551","2","49","badass"
"552","2","73","cool"
"553","1","1868","Piano"
"555","1","2110","very cool"
"556","1","2396","dark"
"557","1","2396","climatic"
"558","1","2396","orchestral"
"559","1","281","slick"
"560","1","2230","rock\'n\'roll"
"561","1","2397","nice"
"894","1","2313","holy frak."
"563","1","2393","trent vs barry white.."
"597","1","2394","fucking awesome"
"565","2","238","no i dont"
"567","1","2389","First Acid Trip"
"569","1","2317","i made it loud 4 the dea"
"605","2","220","inthewoods"
"571","1","2305","work in progress"
"572","1","2240","work in progress"
"573","1","2241","concept"
"574","1","2326","in the warehouse mix"
"575","1","2398","mind-breaking"
"576","1","2080","dance?"
"577","1","2242","awesome remix"
"578","2","239","Nice !"
"580","1","2400","pass the moonshine pa"
"582","1","2402","Hard techno/industrial"
"583","1","1815","mellow techno"
"584","1","1563","mellow techno"
"585","1","2080","techno"
"586","1","1579","bassy"
"587","1","2401","there is no song here"
"588","1","1790","piano"
"589","1","1587","horns"
"590","1","1805","original"
"591","1","1658","dr. whoish"
"592","1","2398","a mess"
"596","1","2401","Awesome Beat!"
"595","1","1758","slow muted goodness"
"599","1","2227","happiest remix ever"
"600","1","2357","Sexual Ambulance"
"601","2","241","part 1"
"602","1","2406","vocals from beyond"
"603","1","1567","bit trance"
"604","1","1567","but cool"
"606","1","2099","hurts thy ears w/headpho"
"607","1","2407","drill a dick straight th"
"608","1","2381","fun funk"
"609","1","2410","Arena"
"610","2","57","wtf?"
"611","1","2394","random sampling"
"612","1","2394","hard"
"613","1","2394","unique vocals"
"614","1","2399","drummy"
"615","1","2186","techno"
"616","1","2353","hard rock"
"617","1","2376","country"
"618","1","2376","hokey"
"619","1","2227","sunshine and lollipops!"
"620","1","1741","dance"
"621","1","1741","Techno"
"622","2","213","dark"
"623","2","213","moody"
"624","2","213","slow"
"628","1","1434","techno"
"627","1","1434","string"
"629","1","1434","violin"
"630","1","2401","Trent meet Antonio!"
"631","1","1886","upbeat"
"632","1","1727","noisy"
"633","1","131","rearrangement"
"634","1","1633","high vocals"
"635","1","1633","techno"
"636","1","1633","bad vocal chops"
"637","1","1670","funk"
"638","1","1577","hard techno"
"639","1","1577","ambient"
"640","2","242","Part 2"
"641","1","1096","rearrangement"
"642","1","953","rearrangement"
"643","2","240","The hotness"
"644","1","1674","awesome lol"
"645","2","163","Me"
"646","2","163","I\'m Not   A Warm Place"
"647","1","2411","so fucking happy"
"857","1","2395","dark tribal-industrial"
"691","1","2183","boring"
"836","1","2412","NO TALKING!"
"655","1","2417","www.myspace.com/xihilisk"
"657","1","2415","myspace.com/marcocordi"
"658","1","2418","industrial sickness"
"659","1","2403","Psycho tough mix"
"660","1","2416","distorted vocals"
"661","1","2416","techno"
"662","1","2416","nice guitar riffs"
"663","2","243","part 3"
"664","1","2407","complex beat"
"665","1","2407","hard rock"
"666","1","2407","noisy"
"667","1","2417","reworked rhythm"
"668","2","243","random clips"
"669","2","243","sampling"
"670","1","2417","incredibly bad"
"671","1","2221","just perfectly epic"
"674","1","2370","dark"
"675","1","1506","wicked !"
"676","1","2359","piano"
"677","1","2359","orchestral"
"678","1","2359","techno"
"679","1","2402","drummy"
"680","2","146","techno"
"681","2","146","ambient"
"682","2","146","pleasant easy listening"
"683","2","3","drum\'n\'bass"
"684","2","3","industrial"
"685","2","3","fast"
"686","2","43","female vocals"
"687","2","43","orchestral"
"688","2","43","impressive"
"694","1","2183","simple but good"
"697","1","1933","BREAKBEATS FROM F*CUKING"
"696","1","1344","grinding you down"
"707","1","1385","google listentooldsarge"
"708","2","234","google listentooldsarge"
"709","2","236","google listentooldsarge"
"710","1","2417","amazing"
"782","1","2419","great production!"
"712","1","71","metal"
"717","1","1534","mechanical nightmare"
"718","2","243","eh..."
"719","1","1800","boring"
"720","1","2423","upbeat"
"721","1","2423","poppy"
"722","1","2423","faster"
"726","1","2422","robotic"
"727","1","2422","80s techno"
"728","1","2254","dance"
"729","2","246","Not bad"
"730","1","630","Try without lyrics"
"731","1","2419","good"
"732","1","1830","atmosphere"
"733","1","1830","badass drums"
"734","2","98","very creative great vers"
"735","1","1667","crafty use of tuba?trump"
"736","1","630","how is that a tag?"
"737","2","246","don\'t review in tags!"
"738","2","243","mashup"
"739","2","243","trippin with trent.3 by"
"740","1","2415","urls don\'t belong in ta"
"746","1","2254","tag?"
"745","2","245","tag?"
"747","1","2423","tag?"
"748","1","2419","techno"
"749","1","2419","synth"
"750","1","2419","dance"
"754","2","246","techno"
"755","2","246","instrumental"
"756","2","246","trance"
"757","1","2428","simplified"
"758","1","2428","rearranged"
"760","1","1682","loud"
"761","1","1682","repetitive"
"764","1","1992","audio altered during ren"
"765","1","2095","Funky"
"2499","1","2057","Original"
"1789","1","2227","Techno"
"768","1","2044","Danceable? No vocals"
"2796","1","1818","Electronic"
"771","2","246","early DJ Lee demo"
"772","1","1594","indnustrial"
"773","2","48","industrial"
"774","1","1174","industrial"
"775","1","1179","industrial"
"776","1","1175","industrial"
"777","1","1353","Not quite slow"
"778","1","1353","but sluggish"
"783","1","2308","techno"
"784","1","2308","dance"
"785","1","1697","techno"
"786","1","1697","ambient"
"787","1","1697","trance"
"788","1","1814","minimalist techno"
"789","2","81","skilled mixing"
"790","2","81","TDTWWA remix mashup"
"791","2","49","ambitious"
"792","2","49","audacious"
"793","2","77","rap"
"794","2","77","gary numan"
"795","2","168","sunshine and lollipops!"
"796","2","168","dance"
"797","2","168","wtf?"
"798","1","1121","hs"
"799","1","2225","Mashup"
"800","1","1507","Pro Quality"
"809","1","2055","www.myspace.com/theplast"
"805","1","1616","8-bit"
"807","1","2177","r0x"
"808","2","189","Instrumental"
"810","1","2227","Photography by Gary Lest"
"811","1","1863","Hit this why I put on so"
"812","1","2265","big beat"
"813","2","248","soft"
"814","2","248","instrumental"
"815","1","2438","Heavy!"
"816","1","1921","qvenvoldn1"
"817","1","2439","Revised Mix"
"818","2","268","piano"
"819","1","2056","Dums"
"820","1","2056","drums and more drums"
"821","2","92","lounge music"
"822","2","265","Excellent Piano Renditio"
"823","1","1818","what\'s live about it??"
"824","1","1886","cotton eye joe"
"825","1","2443","Overdrive"
"826","1","2443","Warped FX"
"827","1","2446","Guinness everywhere"
"828","1","2448","not nin"
"1164","1","2568","yeah"
"830","1","284","The Best of The best"
"831","2","2","fucking insane"
"832","1","2415","dumb"
"1236","1","2140","bizzare!"
"834","1","1678","very well put together"
"835","2","270","instrumental"
"839","1","2447","Chilled"
"840","2","98","Brilliant"
"841","1","2044","Gothic"
"842","0","0",
"844","1","957","beam me up trent"
"845","1","1846","Ambient"
"846","2","252","industrial"
"847","1","1368","aggressive techno"
"849","1","2112","eh"
"850","1","423","yes it did"
"851","1","423","no it didn\'t"
"852","1","2014","Haunting"
"853","2","264","elevator tune"
"854","1","1692","meathead"
"855","2","246","industrial demo for fun"
"858","1","1972","so dark industrial mix"
"859","1","2424","samples"
"860","1","1507","gay"
"861","1","2449","got it"
"862","1","1678","got it"
"863","1","2181","got it"
"864","1","2457","Pro Quality"
"865","1","2457","Builds"
"866","1","2080","best"
"867","2","259","retro"
"870","1","212","lost in tempo"
"872","1","1985","echo"
"874","1","2438","killer!!"
"875","2","269","epochal"
"3142","1","2804","experimental"
"877","1","1818","Live"
"878","1","2227","Photography by Gary Lest"
"879","1","1886","Upbeat"
"880","1","2437","tag?"
"1203","2","198","only and best of the son"
"882","1","1992","cocks"
"1202","2","340","crunchy"
"884","1","2462","really really really rea"
"885","1","2466","gritty"
"886","1","2466","nice"
"887","2","180","Autechre-esque"
"1788","1","1886","Upbeat"
"889","1","2460","Still version"
"973","1","2377","Funk"
"892","2","160","extra synth   bass"
"893","1","2385","brilliant"
"1735","1","2470","dark"
"896","1","2353","New Original of Survival"
"1159","1","1226","xD"
"899","1","2460","piano"
"900","1","2460","still version"
"901","1","2467","dark techno"
"902","1","2466","mashup-ish"
"903","1","1450","Beat"
"904","1","1450","Ibiza"
"905","1","1450","Hardcore"
"906","1","2467","slower groove"
"907","1","2437","Dark"
"908","1","2353","nice production"
"909","1","2177","dark"
"910","1","2472","short"
"914","2","197","borg loving?"
"1160","1","2381","emrmemr"
"916","2","204","trancey"
"917","2","12","lovely voice"
"2067","1","2813","www.myspace.com/nthdegre"
"920","2","83","lol Closer"
"921","2","83","Eraser..."
"923","1","2474","backwards solution"
"924","1","1682","awsome"
"925","1","1682","best here"
"926","2","243","part 3"
"945","1","1507","Classic"
"929","1","1818","Live"
"930","1","1886","Upbeat"
"931","1","2227","Whatever"
"933","1","1990","Paranoic Industrial"
"940","1","2353","THE BEST"
"936","1","2477","Trent's was better"
"937","2","246","really odl studio demo"
"938","1","1594","industrial"
"941","1","2465","Dark"
"942","1","2465","good drums"
"943","1","2445","nice beat"
"946","1","1900","truly epic"
"947","1","1347","Zen Vodou"
"948","1","1519","timing?"
"949","1","2463","earphones"
"950","1","1741","perfect"
"951","1","2469","i liked it"
"953","1","2321","best vessel mix"
"954","1","2321","ever!"
"3144","1","2515","chillout"
"956","2","279","gotta b kidding"
"957","1","2486","old wax trax anyone?"
"959","2","279","lovely dahling mwuah"
"960","2","281","eh?"
"1011","1","538","over-promoted"
"962","1","2485","gt chords ALL WRONG!"
"963","2","284","embarassingly stupid"
"967","1","2488","afro beats utterly brill"
"968","2","289","some unconnected noises"
"1237","1","2606","It's a grower"
"970","2","280","atmospheric"
"3145","1","2515","ambient"
"972","2","282","bit cardiacs :)"
"976","1","2476","pretty cool"
"977","2","282","sped up thtf"
"978","2","274","ambient techno"
"979","2","274","mellow"
"980","2","274","trance"
"981","2","29","brilliant"
"982","2","276","top notch"
"983","2","283","beat box?"
"984","2","280","trance"
"985","2","280","ambient"
"986","2","288","funny"
"987","1","2492","decent"
"988","1","2492","good!"
"989","2","282","omg"
"990","1","2492","too short"
"991","1","2491","sloooow"
"992","1","2353","drummy"
"993","1","2377","quiet vocals"
"994","1","1387","dissonant"
"995","1","1387","atonal"
"996","1","340","noisy"
"997","1","340","jumbled"
"998","1","890","atonal"
"999","1","890","distorted"
"1328","1","2008","Everything is done on 2"
"1002","1","2494","top notch"
"1004","2","250","xvsosta"
"1005","1","2494","not"
"1006","1","2492","too short indeed"
"1007","1","1886","Upbeat"
"1008","1","2417","a mess"
"1013","1","2494","-"
"1012","1","963","over-rated"
"1014","1","1801","bashbashbash"
"3143","1","2804","ghosts"
"1016","1","2446","wtf man...dont"
"1017","1","2505","trance floor"
"1018","1","2353","Overated!"
"1019","1","2016","glitchy faster"
"1020","1","1857","Vanilla Ice skillz"
"1089","2","291","Instrumental with balls"
"1024","1","1800","BORING"
"1025","2","293","nice."
"1026","1","2500","THUMPING KICK>>DANCE"
"1033","1","102","happy NIN!"
"1032","1","2513","Girl producer"
"1031","1","2475","what??"
"1034","2","301","Just awesome"
"1035","2","301","wow!"
"1036","2","292","yikes"
"1037","1","2386","cool beggining"
"1038","2","292","tag?"
"2014","1","2313","sounds like an official"
"1041","1","1507","Pro Quality"
"1042","1","1507","Unconventional"
"1043","1","1507","gay"
"1044","2","296","Meathead"
"1045","2","296","what more do you want?"
"1046","2","7","amazing"
"1047","1","2518","unfocussed"
"1049","2","302","quite nice"
"3140","2","165","Nice"
"1051","1","2521","veeery nice"
"1053","1","2023","gay"
"1054","1","525","XENOMORPH"
"1055","1","2182","interstellar dub"
"3139","0","0",
"1057","1","508","NYNEX"
"1058","1","2522","electronic"
"1059","1","2381","home production"
"1060","1","1674","gay home production"
"1061","1","1682","amatuerish"
"1062","1","1669","over-rated"
"1063","1","2381","disco disco!"
"2301","2","250","nuni"
"1087","1","2524","120bpm"
"1068","1","2523","notes don't work"
"1069","1","2524","the playground?"
"1070","1","1237","hmmm"
"3141","1","2804","epic"
"1075","2","311","LOL"
"1077","1","2523","ambience"
"1078","1","2523","piano"
"1079","1","2523","mellow"
"1081","2","305","poppish"
"1082","2","310","trippy"
"1083","2","310","electronic"
"1084","2","310","pretty cool"
"1085","1","1739","burgle"
"1086","1","1555","m"
"1088","2","313","Dark sound"
"1090","2","291","and beauty"
"1091","1","2526","cool remix"
"1092","1","2523","Deep Astral Ambiance"
"1093","1","2510","Slamming Trance"
"1094","2","225","driver down included"
"1100","1","2510","pure awesome"
"1101","1","2510","slamming"
"1098","1","2539","ambrosia"
"1099","1","2381","Fun Funk"
"1102","1","2510","trance"
"1103","1","1742","intens"
"1105","1","2540","303"
"1106","2","316","why?"
"1107","1","2546","MDP"
"1118","1","2527","experimental noise"
"1116","1","2527","glitch"
"1117","1","2527","percussive violence"
"1119","1","2548","glitched percussion"
"1120","1","2548","ambient drones"
"1121","1","2548","subtle electronics"
"1122","1","142","new drug"
"1123","1","2553","sold separately"
"1124","1","1403","trance"
"1125","1","2550","Post Industrial"
"1127","1","2306","hear this"
"1128","2","310","genius"
"1130","1","2551","vocoders"
"1131","1","2551","deep subbass"
"1132","1","1596","violent"
"1133","1","2559","doom lighting"
"1148","1","2562","Techno"
"1135","1","2511","Techno"
"1136","1","1507","dark"
"1137","2","169","progressive"
"1151","0","0",
"1139","1","2549","i didnt get it"
"1140","1","2540","tb-303"
"1141","1","2540","acid house"
"1142","2","169","auto insurance"
"1143","1","1226","retarded"
"1144","1","1700","strange"
"1145","2","214","sjitty"
"1146","2","169","ambient"
"1147","2","169","breakbeats"
"1149","2","169","ambient"
"1150","1","2556","Drum n Bass"
"1152","2","87","wall of sound"
"1153","2","95","hypnotic"
"1154","1","1175","best ever"
"2800","1","2569","Sic beats!"
"1156","1","1226","INCREDIBLE!!"
"1157","1","2359","static"
"1161","2","279","Great Cover I hope you d"
"1165","2","35","minimal"
"1166","2","7","IDM"
"1167","1","130","Revelation"
"1168","1","130","nice sound"
"1170","1","2571","grunge"
"1171","1","2577","??"
"1172","1","2574","tunnel vox"
"1175","1","2577","requested"
"1176","1","2577","instrumental"
"1177","1","2575","Dark Ambinet"
"1178","1","2575","Industrial"
"1179","1","2575","Electronica"
"1180","1","2576","plain"
"1181","2","99","odd and long and AWESOME"
"1184","2","338","Dance Electronica"
"1185","1","1017","lmao"
"1186","1","538","over-estimated"
"1187","1","2583","noise"
"1188","1","2571","not grunge"
"1189","2","35","brilliant"
"1191","1","2571","yes"
"1192","1","2571","grunge"
"1194","1","2306","foda"
"1196","2","316","like someone shat in my"
"1197","2","279","sucks"
"1198","2","48","dj Lee is awesome"
"1200","2","316","MIDI"
"1201","1","102","I wish this was longer!!"
"1204","1","2587","tay zonday"
"1205","2","275","cats in heat"
"1206","2","212","props 4 the paino"
"1207","1","2580","euphoric"
"1208","1","2591","discord"
"1209","1","2595","Schnibby Style"
"1210","1","171","fresh take!!!"
"1211","1","2564","rock version"
"1216","1","2588","Techno"
"1217","2","151","Schnibby Style"
"1232","1","2601","Techno"
"1219","2","165","gay"
"1222","1","1762","it swings baby"
"1223","1","2604","WTF?!"
"1224","1","2604","yea WTF?!"
"1225","1","2602","too much stutters"
"1226","1","2605","cool but redundant"
"1227","2","340","peanut buttery"
"1228","1","2604","orchestral"
"1229","1","2604","military drums"
"1230","1","2604","chaotic"
"1231","1","2596","Alarm clock"
"1233","1","2607","dnb"
"1235","1","2602","let's drilll!!!!"
"1238","1","2179","noise"
"1239","1","1798","Schnibby Style"
"1241","1","2598","freak"
"1242","1","2610","rofl"
"1243","1","2610","how horrible"
"1244","1","2609","Schnibby Style"
"1245","2","145","Cool shit"
"1246","2","57","Dude"
"1247","2","57","this sucks"
"1248","2","168","Hahahaha"
"1249","2","168","it's funny"
"1250","2","168","in a good way"
"1251","1","2599","trent's thug mash"
"1252","2","334","shoping center mix"
"1253","1","2230","ProDJ?"
"1254","1","2613","Techno"
"1258","2","334","impressive score"
"1260","1","2606","Weird Al Yankovic mix"
"1261","1","2610","great ending"
"1262","1","2604","piano"
"1263","1","2606","It's a Grower!"
"1264","1","2446","hola"
"1265","2","212","instrumental"
"1266","2","92","instrumental"
"1267","2","300","instumental"
"1268","1","2612","dark'n'noise"
"1272","1","1788","ska and bass"
"1271","1","2381","funky"
"1277","1","1484","el"
"1278","1","1242","itÂ´s really poetry and"
"1298","2","8","pretty hate machine"
"1299","1","2606","It's a grower!"
"1297","2","8","phm"
"1296","2","8","cover"
"1300","1","2574","Sing Along"
"1301","1","2602","messy"
"1302","1","1770","electro arp"
"1303","1","1242","itÂ´s really poetry"
"1306","1","1788","ska"
"1305","1","1484","electro dance"
"1307","1","2620","ambient funk"
"1310","1","2489","piazzola goes salsa"
"1309","1","2604","modern classic"
"1311","1","2619","organ"
"1312","1","2627","Violent noise"
"1313","1","2624","noise"
"1314","1","2295","spy-dream"
"1315","1","2630","brass section"
"1316","1","2231","funk"
"1317","1","1692","Brilliant"
"1318","1","2109","awesome"
"1319","2","333","trance"
"1320","1","2630","awkward"
"1321","1","2633","Not bad"
"1322","1","2632","Nice"
"1323","1","2576","electro"
"1325","2","342","NIN HOTLINE'S FINEST"
"1694","1","2637","Catchy Bass Grind"
"1330","1","2639","truly a dance mix!"
"1331","1","2187","Instrumental"
"1332","1","2260","nearly instrumental"
"1333","1","2583","not noise"
"1335","1","2177","alirght not bad"
"1336","2","357","Worst thing on here"
"1337","2","357","Great Inst-not the"
"1338","1","2643","Sonic Rage"
"1339","2","2","glitch"
"1340","2","2","noisy"
"1474","2","334","Glitch"
"1343","1","2606","What a Great Tag!"
"1344","1","2636","Techno"
"1354","1","2649","Mind blowing drum beats"
"1346","1","2645","electrified"
"1347","1","2645","piano"
"1348","1","2645","check out !"
"1349","2","10","first nin remix i've mad"
"1350","2","148","Hard Corps!"
"1352","1","2555","tag?"
"2640","1","2230","SICK!"
"2251","1","2920","destroyed vocal remix"
"2250","1","2920","3:47"
"1360","1","2650","better than original"
"1361","1","2623","wierdo...?"
"1362","1","1438","Acid"
"1363","1","1438","French House"
"1364","2","359","meeting raided"
"1365","1","2650","yeah right"
"1366","1","2649","happy hardcore"
"1367","1","1752","cool!"
"1368","1","1613","further down the toilet"
"1369","1","1867","nice ending"
"1370","1","1867","man!"
"1371","1","1993","harry potter's elbows"
"1372","1","2617","classical"
"1374","2","3","industrial"
"1375","2","3","fast drums"
"1376","2","3","hyperpower!"
"2207","1","2658","Fuk Ur Beats R Sik!"
"1378","2","98","Holy shit..."
"1379","1","2656","Opole kings !"
"1380","1","2656","dark"
"1381","1","2656","choppy vocals"
"1382","1","2656","trance"
"1386","1","2645","techno"
"1385","1","2645","piano"
"1387","1","2645","upbeat"
"1388","1","2606","What a Great Tag!!!"
"1389","2","190","crunchy"
"1390","1","1617","chilled_out"
"1391","1","1299","piano"
"1392","1","2647","melodic"
"1393","1","2650","piano"
"1394","1","2650","rhythmic"
"1395","1","1763","vocal layering"
"1465","1","1351","trance"
"1464","1","1351","piano"
"1463","1","1351","orchestrated"
"1406","2","356","chaotic"
"1407","2","356","choppy"
"1408","1","2648","Gospel"
"1409","1","1309","Only Me"
"1410","1","1329","Will You Bite?"
"1411","1","2495","wayy too funk"
"1412","1","1651","Cool."
"1413","1","1864","lulz"
"1414","1","1663","I like the crazy mario s"
"1415","1","977","wtf? lulz"
"1417","1","1709","Hah public nin enemy"
"1418","2","305","poopish lulz"
"1419","2","356","crazy"
"1420","1","2606","Who is Al Yankovic?"
"1425","1","2667","drum and bass"
"1424","1","2576","slower feeling"
"1426","1","2667","ambient"
"1427","1","2667","industrial"
"1428","2","362","trance"
"2013","1","2809","strais nine inch nails"
"1430","1","2606","Al Yaknovic Mix"
"1432","1","2193","danke!"
"1434","1","2667","ambient"
"1435","1","2667","industrial"
"1436","1","2667","drum and bass"
"1437","1","2660","piano"
"1438","1","2660","glitch"
"1439","1","2660","industrial"
"1440","1","2670","tripped out"
"1466","1","2665","not bad"
"1462","1","1351","ambient"
"1472","2","129","girl"
"1471","2","129","female"
"1473","2","129","voice"
"1475","2","62","cool scratch sound"
"1476","1","2662","fight the man dude"
"1477","1","2112","better than i assumed"
"1478","1","2639","funky dude!"
"1479","1","766","sweet"
"1480","1","2446","lol nice"
"1481","1","1402","fast"
"1482","1","2671","no lyrics; focus on uniq"
"1486","1","2673","industrial"
"1487","1","2673","slow mix"
"1488","1","2673","new sounds"
"1489","1","2671","ambient"
"1490","1","2672","techno"
"1491","2","90","Hard Electonic"
"1492","2","90","Industrial Dance"
"1493","1","2671","ambient"
"1497","1","2446","sucks"
"1498","1","2056","sucks"
"1499","1","2376","sucks"
"1500","1","2381","sucks"
"1508","1","2676","slow"
"1507","1","2676","sounds like reptile"
"1509","1","2676","drums"
"1510","2","364","emotional"
"1511","2","364","intense"
"1512","1","2678","distortion!!!!"
"1513","1","2673","Like the end"
"1514","1","2594","dEEPZoNE"
"1515","1","2099","SHUFFLE YOUR FEET"
"1516","1","2604","YES INTENSE"
"1517","2","365","Megadeth   NIN = this."
"1518","1","2002","INCREDIBLY AMAZING!!!"
"1519","2","365","Megadeth and Happiness i"
"1520","1","1674","original"
"1521","1","2682","great"
"1522","1","2685","beatless"
"1523","1","2684","noise. noise. noise."
"1524","2","79","Quite good"
"1525","2","366","Pretty Nice"
"1526","1","2685","Cool"
"1551","1","2099","tag2"
"1550","1","2099","tag1"
"1547","1","2099","ep"
"1548","1","2099","epi"
"1549","1","2099","etc"
"1546","1","2099","ndcdddc kddjdbxjxd"
"1552","1","2099","tag3"
"1553","1","2099","w"
"1680","1","2099","orch"
"1681","1","2099","orche"
"1679","1","2099","orc"
"1678","1","2099","or"
"1677","1","2099","o"
"1676","1","2099","epi"
"1675","1","2099","ep"
"1674","1","2099","Dracula"
"1673","1","2099","awesome"
"1672","1","2099",
"1671","1","2099","dracula"
"1670","1","2099","orchestra"
"1640","0","0",
"1669","1","2099","epic"
"1668","2","366","discordant"
"1682","1","2099","orches"
"1683","1","2099","orchestr"
"1684","2","3","dnb"
"1685","1","2682","catchy beat"
"1686","1","2683","YES!!"
"1687","2","3","FRIGGIN INTENSE!"
"1690","2","64","INTENSE!"
"1689","1","1674","YAY!!"
"1691","2","210","really nice"
"1692","2","210","still"
"1693","1","2681","playfully upbeat"
"1697","1","2603","Catchy Intro"
"1698","2","156","Johnny Cash RMX"
"1701","1","2689","heavy"
"1702","1","2689","power"
"1703","1","2689","guitar"
"1704","1","2689","riffy"
"1705","1","2353","Breathe much?"
"1706","1","1801","Bloody awesome"
"1707","2","369","total dif mix"
"1708","2","298","cheap rip-off"
"1709","1","2691","Pedophile Mix"
"1710","1","2353","Drumtastic"
"1711","1","2692","it's a vessel!"
"2248","1","2917","killer!"
"1713","1","2694","crazy bass"
"1714","2","196","altitude yawn!"
"1715","1","1876","EBM"
"1716","1","1876","Electro"
"1717","1","1876","amazing"
"1732","1","2692","vessel"
"1733","1","2692","Actually Vessel"
"1734","1","2692","this is vessel"
"1724","2","370","techno"
"1725","2","370","dance"
"1726","1","2695","dnb"
"1727","1","2695","drum and bass"
"1728","1","2695","rhythmic"
"1730","1","2463","piano"
"1731","1","2463","ambient"
"1736","1","2470","deep"
"1737","1","2470","moody"
"1738","1","2470","industrial breaks"
"1747","2","371","whit violin etc."
"1746","2","371","and cello"
"1745","2","371","a classic"
"1748","2","371","with violin"
"1749","1","2183","well put together"
"1750","2","375","a capella"
"1751","2","375","falki"
"1752","2","375","voice"
"1753","1","2610","vessel"
"1754","1","2692","vessel"
"1755","2","58","Naruto"
"1759","1","2717","Alice In Nails"
"1760","1","2714","Pulsation"
"1762","1","2717","add vocals"
"1763","2","152","extremely good"
"1764","2","152","into the AWESOME"
"1765","1","1767","produkt"
"1766","1","1767","tribal"
"1767","1","1767","piano"
"1768","1","1767","industrial"
"1769","1","1767","raw"
"1770","1","1767","remix"
"1771","2","103","ruiner"
"1772","2","103","symphonic"
"1773","2","103","loop-based"
"1774","2","103","remix"
"1775","2","103","edgy"
"1776","2","103","distortion"
"1778","1","679","sin city opener"
"1779","1","119","professional"
"1780","1","42","fast"
"1781","1","42","heavy"
"1782","1","42","dnb"
"1783","1","142","funny"
"1784","1","142","humor"
"1787","1","1886","Techno"
"1790","2","136","kinda funny"
"1791","1","2616","cheese"
"1793","1","2112","seriously...WTF"
"1794","1","2639","RAVE"
"1795","2","35","relaxed"
"1796","1","649","musical"
"1797","2","59","dance"
"1798","1","1718","MiniTrent"
"1799","1","2372","robot"
"1800","2","46","badass"
"1805","1","1652","charlie"
"1804","1","1652","canada is dead"
"1806","1","1652","nusance"
"1807","1","1652","tit"
"1809","2","181","circus metal!!!!!!!!!"
"1810","2","181","CIRCUS METAL!!!!!!!!!!!!"
"1811","1","2023","Awesome"
"1812","1","2736","Techno"
"1813","2","65","electroKoRn"
"1814","1","2711","Johnny Tyrant"
"1815","1","2742","tag 4"
"1816","2","387","punk"
"1817","1","2726","Groovy....!!"
"1819","2","390","violin"
"1820","2","390","string"
"1821","2","390","sample"
"1822","1","2099","epic"
"1823","1","2099","orchestra"
"1824","1","2099","dracula"
"1825","2","111","Left Channel=slow"
"1826","2","111","Right Channel=Beep"
"1831","1","1242","X generation"
"1830","1","1242","beat generation"
"1832","2","390","acoustic"
"1833","2","390","sample"
"1834","2","390","violin"
"1839","1","2736","repetitive"
"1840","1","2736","trance"
"1841","1","2736","piano"
"1842","1","2736","sped up"
"1847","1","2733","distorted vocals"
"1846","1","2733","slow"
"1848","1","2733","mashup"
"1849","1","2569","funk"
"1850","1","2569","fast"
"1851","1","2569","sped up"
"1852","1","1818","hokey"
"1853","1","1818","old school"
"1854","1","363","discordant"
"1855","1","363","beepy"
"1856","1","363","out of sync"
"1857","1","1357","slow"
"1858","1","1357","distorted"
"1859","1","1357","discordant"
"1860","2","400","Trezire"
"1861","2","400","Lame"
"1862","2","400","Shitty Synth"
"1863","2","400","Something I can never ha"
"1866","2","398","clubbing"
"1865","1","2687","Trent on Prozac?"
"1867","2","398","club"
"1868","2","98","great"
"1869","1","1242","beat generation"
"1870","2","381","INCREDIBLE BEAT!"
"1871","1","804","mashup"
"1872","1","597","only time"
"1873","1","597","only"
"1874","1","597","down in it"
"1875","1","1242","beat generation"
"1876","2","387","Industrial Rock"
"1881","1","2750","Tag 1"
"1880","1","2750","tag1"
"1882","1","2750","TAGS 2"
"1884","1","2754","heavy loud distorted"
"1885","1","2754","moog industrial siren"
"1886","1","2505","only"
"1887","1","2505","remix"
"1888","1","2569","Techno"
"1889","2","280","fucknut"
"1890","2","98","ninmashup"
"1892","1","2075","Techno"
"1893","1","2747","New Wave"
"1894","1","2744","Modern"
"1896","1","2376","Retro"
"1901","1","2761","Techno"
"2498","1","2057","Get the f outta here!"
"1902","1","2761","Techno"
"1903","1","2744","sick"
"1904","1","2768","beats and organ"
"1905","2","407","Industrial"
"1906","2","407","instrumental"
"1907","2","256","Very interesting"
"1909","2","123","mashup"
"1910","2","123","bizare"
"1911","1","2777","glitch"
"3428","0","0",
"3426","0","0",
"3427","0","0",
"1915","0","0",
"1916","1","2489","Brilliant!!!"
"1919","0","0","''-"
"1920","0","0","'-"
"1921","1","2784","'-"
"1922","1","2099","'-"
"1938","1","2052","Beginning sound Live"
"1933","1","2618","Very fluent"
"1932","1","2618","Great Solo"
"1927","1","1963","luv the ending"
"1929","1","2386","awsome randomness"
"1930","1","2386","Very trippy"
"1931","1","1951","Awesome"
"1934","1","2618","Well Arranged with The S"
"1937","1","2052","Intro Is Like NIN Live"
"1939","1","2052","Sounds Like Something Th"
"1940","2","354","stupid"
"1941","1","1596","lucky !"
"1942","1","1596","Y34RZ3R0R3M1X3D"
"1943","1","2783","Awesome"
"1944","1","2099","Epic"
"1945","1","2099","Orchestra"
"1946","1","2099","Dracula"
"1947","1","2770","Techno"
"2107","1","2787","alex0120129295587"
"1950","1","2789","Awesome arrangment"
"1951","1","2771","Voodoo"
"1952","1","2774","Burnt Offering"
"1953","1","2768","My Type of sickness"
"1954","1","2764","Trance"
"2104","2","419",
"2103","2","419","alex0120129295587"
"1958","1","1596","hardcore gabba"
"1999","1","2791","Ringfinger"
"2000","1","2791","smart"
"2001","1","2791","Something I Can Never Ha"
"2002","1","2791","Terrible Lie"
"2003","1","2791","The Great Below"
"1995","1","2791","god given"
"1996","1","2791","Head Like a Hole"
"1997","1","2791","Heresy"
"1998","1","2791","Into The Void"
"1973","1","2784","12 Bar Blues???"
"1972","1","2052","Perfect for mixed media"
"1974","1","2790","Techno"
"1975","1","2786","interesting"
"1994","1","2791","fresh. mashup"
"1993","1","2791","cool"
"1992","1","2791","Closer"
"1991","1","2791","mashup"
"2004","1","2791","The Hand That Feeds"
"2005","1","2791","Vessel"
"2006","1","893","tag4"
"2007","1","2805","Techno"
"2009","1","2799","tag1"
"2010","1","2799","5"
"2011","2","421","the fragile"
"2012","1","2802","120 bpm vessel"
"2066","1","2813","nthdegreemusic"
"2065","1","2813","Mellow"
"2064","1","2813","Electronica"
"2063","1","2813","mgbarker100@yahoo.com"
"2061","1","2813","Ambient"
"2062","1","2813","Chill"
"2068","1","2802","Please review it!"
"2070","1","2813","mgbarker100@yahoo.com"
"2071","1","2813","revisited"
"2249","1","2917","killer!!!"
"2073","1","966","Party Mix"
"2074","1","2505","Techno"
"2075","1","2762","Piano"
"2076","1","2762","Moody"
"2146","2","168","Jingle"
"2078","2","350","Destined 4 significance"
"2079","1","2230","hu ha! hu ha! hu ha!!"
"2081","0","0",
"2082","1","2805","Techno"
"2083","1","1596","hot"
"2084","2","98","hot"
"2085","2","222","Saw I"
"2086","2","222","Saw II"
"2087","2","222","Saw III"
"2088","2","222","Saw IV"
"2089","1","2606","awesometastic"
"2092","1","2827","alex0120129295587"
"2093","1","2827",
"2094","1","2827","www.myspace.com/alex0120"
"2095","1","2832","alex0120129295587"
"2096","1","2832",
"2097","1","2837","alex0120129295587"
"2098","1","2837",
"2099","2","391","alex0120129295587"
"2100","2","391",
"2101","1","2806","alex0120129295587"
"2102","1","2806",
"2105","2","419","Instrumental"
"2106","2","419","Quiet"
"2108","1","2787",
"2109","1","2787","Quiet"
"2110","1","2820","alex0120129295587"
"2111","1","2820",
"2112","1","2834","House Mix"
"2113","1","436","needs more cowbell!"
"2120","1","1590","myspace.com/hybridanalys"
"2119","1","1590","myspace.com/hybridanalys"
"2121","1","2737","myspace.com/hybridanalys"
"2122","1","2197","myspace.com/hybridanalys"
"2123","1","1627","myspace.com/hybridanalys"
"2124","1","1824","myspace"
"2125","2","98","nice job man"
"2126","1","2569","Techno"
"2127","1","2023","Soft New Reinterpretatio"
"2131","2","18","lo-fi"
"2132","2","18","acoustic"
"2133","2","18","folk"
"2134","2","65","gravity kills"
"2135","1","2616","Mash-up"
"2136","1","2860","d is for drum!"
"2137","1","1393","psytrance"
"2138","1","2112","weird"
"2139","1","2112","strange"
"2140","1","2112","awesome"
"2141","1","905","long remix is long"
"2142","2","439","Intense"
"2143","2","29","awesome"
"2144","1","862","reptile-ish"
"2145","1","2864","New Wave"
"2147","2","168","Party Mix"
"2148","1","2872","Energetic"
"2149","1","2872","nicely done"
"2150","1","1596","Y34RZ3R0R3M1X3D"
"2151","2","101","midi"
"2256","1","2924","Trippy"
"2255","1","2924","Cool!!!"
"2157","1","2881","epic"
"2158","1","2881","high level production"
"2159","1","2881","original"
"2160","1","2881","tag3"
"2161","2","336","MyKindOfSickness"
"2162","1","2890","derm fallen god"
"2169","1","2889","noisy"
"2167","1","2889","loud"
"2168","1","2889","drums"
"2170","1","2889","only"
"2171","1","2889","piano"
"2173","2","454","Halo 8-ish"
"2174","2","454","Midi"
"2298","1","2875","5.1 Surround Sound"
"2297","1","2875","good mix"
"2180","1","2882","HOLY SHIT!!!"
"2184","1","2118","cool beat"
"2185","1","2118","piano"
"2186","1","2118","upbeat"
"2187","1","2743","video game music"
"2188","2","456","Closer"
"2189","2","456","Disjointed"
"2190","2","456","Lewis Cato"
"2191","2","457","adam zwakk"
"2192","2","457","zwak"
"2193","2","457","kyle porter"
"2194","2","457","original"
"2195","2","457","emotional"
"2196","2","456","backwards"
"2197","1","2893","Capital G"
"2198","1","2893","Reassemble"
"2199","1","2893","Lewis Cato"
"2201","1","2863","Beats"
"2202","1","2863","Badass"
"2799","1","2569","Electronic"
"2206","1","2715","Techno"
"2208","1","2658","Techno"
"2337","1","2651","Beat storyteller"
"2374","1","2887","Techno"
"2212","1","338","chill"
"2213","2","98","mashup"
"2214","2","98","bootleg"
"2215","2","98","with boots"
"2216","1","1596","Y34RZ3R0R3M1X3D"
"2246","1","2916","Angst"
"2218","1","2863","Upbeat"
"2219","1","1763","rockin!"
"2220","1","1667","TUBAZZ"
"2222","1","1790","guitar solo"
"2223","1","1790","jazz"
"2224","1","1587","cheesy"
"2225","1","1179","awesome"
"2226","1","2834","Wave Electro Mix"
"2227","2","220","Not Retarted"
"2794","0","0",
"2230","1","2604","unsettling"
"2231","1","1900","strings"
"2232","1","1900","mellotron"
"2245","1","2914","****"
"2234","2","29","studio version"
"2235","1","1175","best remix of only ever"
"2236","1","2905","awesome"
"2237","1","1800","It's cool"
"2238","1","1800","so whiners shut the fuck"
"2239","2","29","well done sir"
"2240","2","29","well done indeed"
"2241","1","963","abstract"
"2242","1","963","interesting"
"2243","1","963","worthy"
"2244","1","2912","strings"
"2247","1","2916","In This Toilet!"
"2254","1","0","Very Loud"
"2267","1","2462","lo fi"
"2283","1","2960","amazing"
"2266","1","2462","drone"
"2282","1","2960","awesome"
"2281","1","2960","great"
"2271","1","2909","poop"
"2272","1","2909","urine"
"2273","1","2909","semen"
"2274","1","2939","magnificient"
"2275","1","2960","chilled"
"2276","1","2950","Cool"
"2284","1","2960","potato"
"2285","1","2960","urine"
"2286","1","2927","nice"
"2287","1","2942","racist"
"2288","2","156","cash"
"2289","2","156","remix"
"2290","2","156","justice"
"2761","1","2968","terror"
"2292","1","2962","Hyperpower"
"2293","1","2962","Jack"
"2294","1","2962","Jackasaurs"
"2295","1","2962","Crouchosarus"
"2296","1","2962","Year Zero"
"2299","1","2875","Bassy"
"2300","1","2875","quiet"
"2302","2","250","nekrasova"
"2303","2","250","xvs"
"2304","2","250","xvostya"
"2305","2","250","www.nin.su"
"2306","2","381","lo fi"
"2307","1","2972","Cool."
"2386","1","2980","Party Boy"
"2328","1","2930","Chocolate"
"2311","1","2907","so cool"
"2312","1","2881","under-rated"
"2314","2","147","atmospheric"
"2315","2","147","atmopheric"
"2316","1","2975","cello"
"2317","1","2975","violin"
"2318","1","2975","piano"
"2319","1","2975","orchestral"
"2320","1","2975","breakbeat"
"2384","1","2987"," Shred"
"2322","1","2899","NIN"
"2323","1","2899","Nirvana"
"2324","1","2899","Only"
"2325","1","2899","Head Like a Hole"
"2326","1","2899","Smells Like Teen Spirit"
"2327","1","2899","mashup"
"2329","1","2930","Climactic"
"2330","1","2998","Executioners song."
"2331","2","38","Funky Bass"
"2332","2","114","THX-1138"
"2333","1","2954","mashup"
"2334","1","3005","Hope he's not pissed."
"2335","1","3009","www.myspace.com/elk77"
"2336","0","0",
"2338","1","2651","BeatMaster"
"2339","1","2651","Techno"
"2340","1","2805","Nice originality"
"2341","1","2770","NIN Chronicles"
"2342","1","3007","Techno Remix Storyteller"
"2348","1","3017","dark"
"2347","1","3017","corrupted"
"2345","1","3006","extended"
"2346","1","3006","dark"
"2349","1","3017","screwed up"
"2350","1","3018","mashy= up"
"2351","1","3016","The warm up"
"2352","1","490","samples galore!"
"2353","1","464","hidden gem"
"2358","1","3025","beatmania potential"
"2359","1","3025",".. beatmania potential"
"2360","1","3025","DANCE bitch DANCE!"
"2361","1","3025","insane club mix"
"2362","1","3025","My-God-CAN this go any f"
"2363","1","3042","SHAKE YA ASS"
"2364","1","3014","Lewis Cato"
"2365","1","3014","The Hand That Feeds"
"2366","1","3014","Introduction"
"2367","2","197","Death Sex"
"2368","2","71","NOOOOOOOOOOO!!!!"
"2369","2","58","LOL NINJA STYLE!"
"2370","1","3056","nin jungle?"
"2371","1","3055","best version"
"2372","1","2965","GJ Nice"
"2373","1","3011","BASSASS"
"2375","1","2887","Excellent Beats!"
"2376","2","360","Freakin Sic!"
"2377","1","1657","www.libelulasite.com"
"2378","1","3064","dark"
"2379","1","3064","electronic"
"2380","1","3046","fragile-ish"
"2381","1","1543","easy listening"
"2382","1","1355","dancey"
"2383","1","1448","mash up"
"2385","1","2987","Metal"
"2387","1","2980","clever"
"2388","1","2980","spectrogram"
"2389","2","296","LAWLZ"
"2390","2","63","LOL"
"2391","2","63","dance hall buckfuddy!"
"2392","1","2909","shit"
"2393","1","2909","cum"
"2394","1","2909","piss"
"2395","2","237","FLIPPIN' SWEET"
"2396","1","3059","powerfullremix"
"2397","2","77","metal"
"2398","2","77","gary numan"
"2399","2","77","trent reznor"
"2400","2","77","cover"
"2401","2","77","mix"
"2402","1","3065","My Violent Heart"
"2403","1","3065","lord of sounzz"
"2404","1","3065","mix"
"2405","2","30","collector"
"2406","2","30","memorabilia"
"2407","2","30","mashup"
"2408","2","31","reptile"
"2409","2","31","liar"
"2410","2","31","Virgos Merlot"
"2411","2","31","lord of sounzz"
"2412","1","2023","irony"
"2413","1","741","mash up"
"2414","1","3023","Electronic"
"2415","1","3079","year zero in a nut shell"
"2416","1","2866","wahwah"
"2417","2","455","FUCKING HEAVY!"
"2419","1","2980","Atom Bomb Spectrogram"
"2420","1","538","There is no us apparentl"
"2422","1","2099","Castlevaina"
"2423","1","2099","Castlevainian Resistance"
"2424","2","454","NOT MIDI"
"2425","2","389","Live @ Rehearsals"
"2426","1","2937","perfect"
"2427","1","922","mash up"
"2428","1","844","hidden gem"
"2429","1","3081","Giacinda GL Compilation"
"2430","1","3083","statement?"
"2431","2","152","MIDI"
"2432","2","244","How could you?"
"2439","2","176","all of my fears came tru"
"2438","2","176","Hey mate all of my fears"
"2440","2","176","Hey"
"2441","2","176","mate"
"2442","2","176","WTF?"
"2444","1","2372","meathead-y"
"2445","1","2372","WTF"
"2449","1","792","sucks"
"2450","1","792","Stinky Meat indeed"
"2451","1","2880","Pop"
"2452","1","874","echo effect overload"
"2453","1","1816","ghostly echoes"
"2454","1","1607","mash up"
"2455","1","3075","Korn"
"2456","1","660","farm dance!"
"2457","1","2673","GREAT!!"
"2458","1","2673","ZOMGBBQZWOWZ!"
"2459","1","3011","Rox"
"2460","1","1585","dark"
"2461","1","1585","moody"
"2462","1","268","bass"
"2463","1","268","power"
"2464","1","268","rated"
"2465","1","268","hardware"
"2466","1","2800","annoying clock sounds"
"2467","1","2367","mash up"
"2468","1","3100","WOW"
"2469","1","3098","jesuschristWOWwee!"
"2470","1","3101","Techno"
"2471","2","451","original"
"2472","2","451","drums"
"2473","2","451","open source"
"2474","2","454","way over rated"
"2478","1","3025","dance club mix"
"2479","1","3025","ouch"
"2480","1","3025","wtf is this??"
"2481","1","2006","ww"
"2482","1","2080","Groove-tastic"
"2483","1","2080","Piano"
"2484","1","102","genius"
"3199","1","3003","RIP Scorpio"
"2486","2","473","fucking AWESOME"
"2487","2","473","xmas"
"2488","2","473","mashup"
"2489","2","473","funny"
"2490","2","473","parody"
"2491","1","3121","Nine Inch Maiden"
"2497","1","2057","U R Funny G"
"2495","0","0",
"2496","1","3063","Chronologue"
"2500","1","2057","Time to grab a helicopte"
"2501","1","2929","zero sum"
"2502","2","186","starfuckers mash"
"2503","1","486","bush quotes"
"2504","1","2570","metroid"
"2505","1","3130","non NIN"
"2506","1","1191","loooong"
"2507","1","1240","hidden gem"
"2508","1","2917","glitchy noises"
"2509","1","2958","the frail"
"2510","2","478","Mello"
"2511","1","3079","mash up"
"2513","1","3131","house track"
"2514","1","3131","beautiful dance track..."
"2515","2","473","xmas"
"2516","2","479","remix"
"2517","2","479","original"
"2518","2","479","adam"
"2519","2","479","zwakk"
"2520","2","479","industrial"
"2521","1","3121","mash up"
"2522","1","3129","doctor who quotes"
"2523","1","3085","cover"
"2524","1","3137","scary"
"2525","2","373","electro"
"2558","1","3144","Sic Electronica"
"2527","1","3091","Fuk ur beats R Sic"
"2528","1","3145","moody"
"2529","1","3145","dark"
"2530","1","3145","extended"
"2531","1","2910","horror"
"2532","1","2910","apocalyptic"
"2533","1","2910","intro"
"2536","1","2940","grunge"
"2537","1","2940","electronic"
"2538","1","2974","soundtrack"
"2539","1","2974","aggressive"
"2540","1","2991","distortion"
"2541","1","2991","surround"
"2542","1","2991","fear"
"2543","1","3031","mellow"
"2544","1","3031","ambient"
"2545","1","3031","anger"
"2546","1","2901","balance"
"2547","1","2901","illusion"
"2548","1","2903","dance"
"2549","1","2903","beat"
"2550","1","2903","god"
"2557","1","3144","Christian Nails"
"2556","1","3144","Maverick Techno"
"2560","1","3137","gaming sound"
"2561","1","3137","filmscore"
"2568","1","3154",":)"
"2567","1","3154"," 5"
"2565","1","3156","savage"
"2566","1","3131","Sick!"
"2569","1","3154","tag1"
"2570","1","3147","daffy duck"
"2571","1","3159","Ghetto"
"2572","1","3159","Industrial"
"2573","1","3159","addictive"
"2587","1","1531","Strong"
"2584","1","1531","Hard"
"2585","1","1531","Middle"
"2586","1","1531","Scary"
"2592","1","2004","IRAQ"
"2591","1","2004","GAZA"
"2593","1","2004","ISRAEL"
"2603","1","3164","disturbed"
"2598","2","492","source"
"2599","2","492","acappella"
"2600","2","492","vocal"
"2602","1","2099","Noisy mess"
"2604","1","3164","total diff"
"2704","1","3167","Electronica"
"2703","1","3167","techno"
"2607","1","3163","Techno Punk"
"2608","1","538","Only"
"2759","1","3170","crusaders"
"2610","1","3158","mash up"
"2611","1","3163","Breaks"
"2612","1","3163","breakbeat"
"2613","1","3163","electro"
"2614","1","3163","rock"
"2615","1","3163","drums"
"2616","1","1066","Instrumental"
"2617","1","3019","hot lips"
"2618","1","2569","lessTR"
"2619","1","525","GOD"
"2620","1","1053","mash up"
"2621","1","3176","Bass"
"2622","1","3176","Vocal"
"2757","1","3172","japan"
"2624","1","3174","lite metal"
"2625","1","3013","haunting"
"2626","1","3106","v2"
"2627","1","3106","reverb"
"2628","1","3106","finneus"
"2636","2","488","No percussion"
"2635","2","488","All Guitar"
"2634","2","488","kinda scary"
"2637","1","2777","acid mix"
"2715","2","502","Purple"
"2639","1","1497","Disco"
"2641","1","2230","Electronic"
"2643","1","3062","Leaving Hope?"
"2644","1","3062","Leving Hope?"
"2645","1","3187","through the looking glas"
"2646","1","2185","different"
"2647","1","3189","hypnosis"
"2648","1","3189","AVOTT"
"2649","1","3189","needs more drum"
"2669","2","372","Grinding"
"2666","2","372","Electric"
"2667","2","372","electric"
"2668","2","372","Finneus-J."
"2665","2","372","Finneus J."
"2670","2","372","wow"
"2671","1","3186","must lisyen"
"2672","1","3190","dark techno"
"2673","1","3190","club mix"
"2674","1","3190","expressive"
"2675","1","3191","tragic"
"2676","1","3191","smooth"
"2677","1","3191","raw"
"2678","1","3195","piano"
"2679","1","3195","destroyer"
"2680","2","490","industrial"
"2681","2","490","rock"
"2682","2","490","instrumental"
"2683","1","3203","mash up"
"2684","1","2371","mash up"
"2685","1","3208","gd"
"2701","2","511","Modern Rock"
"2712","2","507","San Mateo California"
"2688","1","3208","what the hell does gd me"
"2689","1","2672","tag 1"
"2694","1","1483","www.myspace.com/djbobafe"
"2693","1","1483","myspace.com/djbobafett"
"2695","1","3212","lustrous"
"2696","1","3212","sci-fi"
"2697","1","3212","trancy"
"2698","1","3213","final bliss"
"2699","1","3213","rapture"
"2700","1","3213","countdown"
"2702","2","511","KnewKPbackin08"
"2705","1","3167","Urban"
"2706","1","3217","apparition"
"2707","1","3217","meditation"
"2708","1","3217","half-awake"
"2714","2","502","San Mateo Remix"
"2711","2","510","San Mateo Remix"
"2713","2","507","Electronic"
"2716","2","502","West Coast W"
"2717","2","521","Dark"
"2718","1","3222","dancy"
"2719","1","3224","TGG lyrics"
"2720","1","3224","subtle"
"2721","1","3224","TGG piano"
"2722","2","522","Electronic"
"2723","1","1363","intense"
"2724","2","523","Anti Hater"
"2725","1","3226","distortion"
"2726","1","3226","death"
"2727","1","3226","grunge"
"2728","2","511","Politico"
"2732","1","600","pretty hate machine"
"2733","1","600","dancefloor"
"2734","1","600","electro"
"2735","2","520","LIVE"
"2736","1","3157","Highly mixed techno"
"2737","1","3150","Electronic/Techno"
"2738","2","481","Fill"
"2739","1","3231","fulkramick"
"2740","1","3231","Capitol Fulk"
"2741","1","3231","Capitol G"
"2742","2","525","only"
"2746","1","431","fulkramick"
"2744","1","671","first fulkramick remix"
"2745","1","671","fulkramick"
"2747","1","431","only"
"2748","1","431","second fulkramick remix"
"2749","1","431","1st fulkramick remix"
"2750","1","3093","well good"
"2751","1","3093","innit"
"2752","1","3243","fff"
"2753","1","1468","hypnotic"
"2754","1","1468","Piano"
"2755","1","1468","groove"
"2756","1","3062","Laving Hope?"
"2758","1","3172","sakamoto"
"2760","1","3170","real world"
"2762","1","2968","screaming guitar"
"2763","2","529","repeative"
"2764","2","529","we need a new song"
"2765","1","3247","closer beats"
"2766","2","500","Electronica"
"2767","1","1476","mash up"
"2768","2","165","not gay"
"2769","2","531","german"
"2770","2","531","ghost"
"2771","1","3256","daydream"
"2772","1","3256","trancy"
"2773","1","3256","fluid"
"2774","1","3257","remorseful"
"2775","1","3257","tragic"
"2776","1","3257","dark"
"2791","1","3234","Electronic"
"2790","2","502","Electronic"
"2786","2","532","survivalism"
"2785","2","532","hyperpower"
"2784","2","532","beginning of the end"
"2787","2","532","the hand that feeds"
"2788","1","3250","Electronic"
"2789","2","529","ok ok"
"2792","1","3218","Electronic"
"2793","2","521","Electronic"
"2795","2","535","ghosts scary"
"2797","1","1818","Techno"
"2798","2","525","Electronic"
"2801","1","2569","Techno"
"2802","2","504","Electronic"
"2803","2","537","Electronic"
"2804","1","3267","Clean Fill"
"2807","1","3271","funny freaky"
"2808","1","3271",
"2809","1","3271","fast"
"2810","2","98",
"2811","2","98","kicks ass"
"2812","2","541","Electronic"
"2813","2","531","emo"
"2817","0","0",
"2815","1","3277","This is my fourth mix of"
"2818","2","541","only"
"2819","2","541","Anti Hater"
"2820","1","3267","original"
"2821","1","3283","Raw"
"2822","1","3283","Acid House"
"2823","1","3283","Raunchy"
"2824","1","2177","ffffffffff"
"2840","1","3277","Industrial Electronica"
"2870","1","3282","Rock"
"2839","2","273","ripped from rusty nails"
"2838","1","3286","sad"
"2837","1","3286","piano"
"2836","1","3280","TB323"
"2843","0","0",
"2845","1","3300","gidon"
"2846","1","3300",
"2847","1","3300","MM"
"2848","1","1300","Trance"
"2849","1","3298","Upbeat"
"2850","1","3302","Lemon 714"
"2851","1","3306","GG"
"2852","1","3306","V"
"2853","1","3306","detuned elements"
"2854","1","3308","amazing end"
"2855","1","3310","crazy frog sample?"
"2856","1","3313","Alternative"
"2869","1","3282","Explicit"
"2859","1","3254","Hip"
"2860","2","528","Electronica"
"2879","2","551","Awesome"
"2862","2","25","great lyrics"
"2863","2","25","decent voice"
"2864","1","3311","Bad ass fucking shizzle!"
"2865","0","0",
"2866","0","0",
"2878","2","551","Toyonaka"
"2871","1","3282","Upbeat"
"2872","1","3271","Electronica"
"2873","1","1469","Sucks"
"2897","1","3338","Electro"
"2875","2","572","lame effects"
"2876","1","483","Awesome"
"2877","1","3355","Electro"
"2880","2","551","San Mateo"
"2881","1","3354","Electro"
"2886","1","3369","Echoplex"
"2885","1","3369","Digiwaste"
"2887","1","3369","Digiwate"
"2888","1","3369","Nine Inch Nails"
"2889","1","3369","Remix"
"2890","1","3370","me I'm not"
"2891","1","3370","only"
"2892","1","3370","jeff2007"
"2893","1","3371","old skool u.k Drum and b"
"2894","1","3371","Electro"
"2895","2","577","Electro"
"2896","1","3352","Electro"
"2898","1","3338","Electronica"
"2899","2","455","Electronic"
"2900","2","446","All American"
"2901","1","2909","bush-ism"
"2902","1","3389","creepy"
"2903","1","3369","acid"
"2904","1","3369","dance"
"2905","1","3369","ebm"
"2906","1","3392","great ending"
"2907","1","2099","shit"
"2908","2","589","nothing changed"
"2909","1","3423","Theday inspired?"
"2910","1","3428","Electronic"
"2911","2","603","Electronic"
"2912","1","3389","compelling"
"2913","0","0",
"2914","0","0",
"2916","2","356","awesome"
"2917","1","1649","light remix"
"2918","2","29","nice piano"
"2919","2","625","lame effects"
"2920","1","3455","fading"
"2921","1","3455","destruction"
"2922","0","0",
"2923","1","1647","Year Zero"
"2924","1","1647","Remix"
"2925","1","1647","N03L"
"2926","1","1647","Dance"
"2927","1","1647","Groove"
"2928","2","139","Beat"
"2929","2","139","The Fragile"
"2930","2","139","Remix"
"2931","2","139","N03L"
"2932","2","139","Drum"
"2933","1","1121","suonolibero.net"
"2934","2","642","My Little Pony Forum"
"2935","1","2891","segue"
"2936","1","3479","the slip"
"3082","0","0",
"2942","1","3488","drug"
"2943","1","3488","loud"
"2944","1","3488","perfect"
"2945","1","3488","the"
"2946","1","3414","awesome"
"2947","1","3488","stained"
"2948","1","3396","techno"
"2949","1","3396","awesome"
"2950","1","3479","the slip in a nutshell"
"2951","1","3496","awesome ending"
"2952","1","3499","Freaking Sweet!"
"2953","2","165","WOOT"
"2960","1","3489","miztro remix"
"2961","1","3489","miztro"
"2962","1","3489","paul misner"
"2963","1","3489","the hand that feeds"
"2964","0","0",
"2965","1","1107","Sonic"
"2966","0","0",
"2967","1","3509","Electro-Punk"
"3797","0","0",
"2975","1","1928","glitch"
"2974","1","1928","melodic"
"2973","1","1928","idm"
"2976","1","1928","pads"
"2977","1","3516","Demon seed"
"2978","2","381","Clay"
"2979","2","381","Cool"
"2980","1","3520","Zero sum"
"2981","2","678","warm"
"2982","2","678","place"
"2983","2","678","cold"
"2984","2","678","cover"
"2985","1","3529","a joke?"
"2986","1","554","childish"
"2987","2","2","damn right noisy"
"2988","1","1507","messy drums"
"2989","2","98","catchy mess"
"2990","2","168","wrong"
"2991","2","103","no climax tho..."
"2992","2","76","simple but satisfying"
"2993","2","50","instrumental"
"2994","2","108","skilled"
"2995","1","2740","Electronica"
"2996","1","2740","Techno"
"3000","1","3560","Chillout"
"2999","1","3560","Techno"
"3001","1","3560","Downtempo"
"3002","1","3560","Techno"
"3003","2","535","strong"
"3004","2","535","deep"
"3005","1","3532","Amazing"
"3007","1","2975","cello"
"3008","1","2975","breakbeat"
"3009","1","2975","piano"
"3010","1","2975","strings"
"3011","1","2975","ominous"
"3012","1","2975","female vocals"
"3013","1","3407","instrumental"
"3014","1","3407","dark"
"3015","1","3407","surreal"
"3151","2","807","EBM"
"3146","1","2515","downtempo"
"3019","1","3528","Gem"
"3020","1","3573","hardcore"
"3021","1","3573","atari"
"3022","1","3573","hypnotic"
"3023","2","704","Cosmopolitan"
"3024","1","3585","Storyline"
"3026","1","3592","Hyperpower! (Deliberate'"
"3027","1","3592","Tag 1"
"3028","0","0",
"3045","1","3601","put"
"3043","1","3601","in"
"3044","1","3601","into"
"3041","1","3601","Awesome"
"3042","1","3601","are"
"3046","1","3601","Reversed"
"3047","1","3601","song"
"3048","1","3601","sounds"
"3049","1","3601","the"
"3050","1","3601","them"
"3051","1","3601","then"
"3052","1","3601","they"
"3053","1","3601","way"
"3054","2","723","pt.1 armand tdtwwa"
"3074","0","0",
"3066","1","3339","christ_himself Lights in"
"3067","1","3339","Best remix of any band o"
"3068","1","3339","even dad!"
"3069","1","3339","Lights In The Sky"
"3070","1","3339","Lights In The Sky (Wavin"
"3071","1","3603","Vocals"
"3072","1","3602","No Vocals/"
"3075","2","747","Dark Day 001"
"3076","2","272","danceable"
"3077","2","751","Ambient"
"3078","2","751","cold"
"3079","2","751","surreal"
"3080","2","749","noob"
"3081","2","751","lucid"
"3083","2","450","tag1"
"3084","0","0",
"3085","1","3311","The Great Destroyer (Mar"
"3086","1","3660","Noisy"
"3087","1","3660","Sorry if you can't hear"
"3088","1","3667","ghosts"
"3089","1","3667","sad"
"3090","1","3667","breakup"
"3091","1","3667","birthday"
"3092","1","3667","singing"
"3093","1","3667","tribute"
"3094","1","3667","piano"
"3327","0","0",
"3096","2","777","live"
"3097","2","777","cover"
"3098","2","777","nothing"
"3099","2","777","terrible lie"
"3100","2","777","old skool"
"3101","1","3677","mashup"
"3102","0","0",
"3104","0","0",
"3105","1","3672","Required reading"
"3106","2","772","In the know"
"3107","1","3658","Anthemn"
"3108","2","769","Your in"
"3109","1","2924","Ya"
"3110","1","2924","this is sic"
"3117","1","3666","epic"
"3116","1","3666","slip"
"3115","1","3666","discipline"
"3118","1","3666","fusion"
"3119","1","3664","fuzzy"
"3121","1","1471","first song"
"3122","2","788","Help Me I Am In Hell"
"3123","2","788","The Downward Spiral"
"3124","2","788","Closer"
"3125","0","0",
"3126","1","3712","TDWWA Samples"
"3243","0","0",
"3197","2","794","In Your Face"
"3138","0","0",
"3131","0","0",
"3132","0","0",
"3133","0","0",
"3135","1","1321","mashup"
"3136","1","1321","all your base are belong"
"3242","0","0",
"3150","2","807","Industrial"
"3152","2","807","Aggrotech"
"3153","2","807","Blut Reaktor"
"3154","2","807","Nine Inch Nails"
"3155","2","807","Remix"
"3164","1","2520","I use fruity loops 8 xxl"
"3196","2","794","Top!"
"3159","1","3648","crashtv who?"
"3160","1","3733","experimental"
"3161","1","3733","mood"
"3162","1","3733","dark"
"3163","2","807","drawrwr"
"3165","1","2520","drum and bass.. reworkin"
"3166","1","2996","amazing"
"3167","1","3289","Roadhouse"
"3168","1","3289","blue collar"
"3169","1","3289","biker version"
"3170","1","3377","foggy"
"3171","1","3377","damp"
"3172","1","3377","cold"
"3173","1","3381","foggy"
"3174","1","3381","damp"
"3175","1","3381","cold"
"3401","0","0",
"3177","2","34","angry trent"
"3179","1","3750","nine"
"3180","1","3750","inch"
"3181","1","3750","nails"
"3182","1","3750","year"
"3183","1","3750","zero"
"3184","1","3750","ableton"
"3185","1","3750","live"
"3186","1","3750","remix"
"3187","1","3750","me"
"3188","1","3750","i'm"
"3189","1","3750","not"
"3190","1","3420","akira"
"3191","0","0",
"3192","0","0",
"3398","0","0",
"3194","2","742","this is accadently at do"
"3195","2","822","rockstar"
"3198","2","794","Off the hook!"
"3200","1","3003","Lesson learned"
"3201","2","815","so sic"
"3202","2","816","Sic Mod"
"3203","1","2481","Mentor"
"3204","0","0",
"3205","1","3339","Light In The Sky"
"3206","1","3339","Waving Goodbye"
"3207","1","3339","christ_himself"
"3208","1","3311","The Great Destroyer"
"3209","1","3311","Mary Chained"
"3210","1","3311","christ_himself"
"3216","0","0",
"3213","0","0",
"3402","0","0",
"3215","0","0",
"3219","0","0",
"3218","0","0",
"3221","0","0",
"3222","0","0",
"3223","1","3763","www.myspace.com/frauanse"
"3224","1","3779","Bout time"
"3226","0","0",
"3227","1","3165","Manson"
"3228","1","3165","Blues"
"3229","1","3165","Moody"
"3230","1","3165","What you see"
"3231","1","3165","old ego"
"3232","1","3165","glass"
"3233","1","3165","weird"
"3234","1","3165","funny"
"3235","1","3165","bonzo"
"3236","1","3165","gonzo"
"3237","1","3165","narcissus"
"3238","1","3165","Only"
"3240","1","3784","discipline"
"3241","1","3784","industrial"
"3244","0","0",
"3245","2","843","terminator"
"3246","2","478","sneaky"
"3247","2","831","Fall In"
"3248","1","3804","nin"
"3249","1","3804","trent"
"3250","1","3804","jim miller"
"3251","1","3804","futureBLU"
"3252","1","3804","god"
"3253","1","3804","given"
"3254","1","142","Ghostbusters Mania"
"3255","1","3034","Entropy"
"3256","1","3804","Copy"
"3257","1","3816","athmospheric"
"3258","1","3816","athmosphere"
"3259","1","3816","ambient"
"3260","1","3816","turntables"
"3261","1","3816","dark"
"3262","0","0",
"3335","0","0",
"3264","2","0","sweet remix u got the be"
"3265","2","843","amazing"
"3286","0","0",
"3270","2","862","spooky"
"3274","2","862","Swearing Is Cool"
"3275","2","862","Wicked Industrial"
"3282","1","3087","woohooo"
"3287","2","870","hardcore badasses"
"3339","0","0",
"3289","2","843","well done kid"
"3290","0","0",
"3291","2","873","badass H"
"3292","0","0",
"3293","0","0",
"3294","2","882","NIN"
"3295","2","882","INDUSTRIAL"
"3296","2","882","REMIX"
"3297","2","882","ALTERNATIVE"
"3298","1","3855","Genius"
"3299","0","0",
"3300","1","3797","Metal Gear Solid"
"3301","1","3797","Survivalism"
"3302","2","98","godlike"
"3303","2","504","Bitch"
"3304","0","0",
"3313","2","171","le suck"
"3312","2","171","hot"
"3311","2","171","portal"
"3314","2","171","taynia"
"3315","0","0",
"3405","0","0",
"3424","0","0",
"3320","1","3884","go sic here"
"3322","0","0",
"3325","0","0",
"3328","1","3087","spectrographic picture"
"3329","1","3087","tweakerray"
"3330","1","3087","electronic"
"3331","1","3087","stutteredits"
"3332","1","1375","great"
"3333","1","2481","still sic as s___"
"3340","0","0",
"3338","1","3583","still sic"
"3350","1","3921","ambient"
"3351","1","3921","analog"
"3352","1","3921","beautiful"
"3353","1","3921","dense"
"3354","1","3921","glitch"
"3355","1","3921","haunting"
"3356","1","3921","noise"
"3357","1","3921","reverb"
"3358","1","3921","shoegaze"
"3359","1","3790","g g g g g g"
"3360","1","3708","hidden hip hop"
"3361","0","0",
"3362","0","0",
"3363","0","0",
"3364","1","3925","intro to sic"
"3365","2","843","rocks"
"3366","2","923","The Frail"
"3367","2","923","Martyface"
"3368","2","923","Drums"
"3369","2","922","modern warriors"
"3371","1","2234","test mix"
"3372","1","3928","Feeltration"
"3373","2","853","Breakbeat"
"3374","2","853","breaks"
"3375","1","3437","breakbeat"
"3376","1","3437","breaks"
"3377","1","3895","excellent drums man"
"3378","2","904","u have a great ear"
"3382","1","3157","g"
"3383","1","3157","ga"
"3384","1","3157","good"
"3385","1","3940","survivalism in your head"
"3441","1","0","teeth"
"3442","1","2234","Ñ‚Ð³Ðº"
"3389","2","857","H official"
"3390","2","859","H essential"
"3391","2","856","H prelude to war"
"3395","0","0",
"3396","0","0",
"3399","0","0",
"3408","0","0",
"3409","1","3963","Four"
"3410","1","3963","Dying"
"3411","1","3963","dc"
"3412","1","963","niggerish"
"3413","2","948","fu this is sic!"
"3445","0","0",
"3444","0","0",
"3417","1","3968","dubstep"
"3418","1","3945","L Clan"
"3419","0","0",
"3423","0","0",
"3429","0","0",
"3431","0","0",
"3432","0","0",
"3435","0","0",
"3440","0","0",
"3438","1","1098","www.joephono.com"
"3439","1","1098","This song is by PHONO"
"3550","0","0",
"3448","0","0",
"3450","2","0","terrible lie"
"3451","2","890","still sic"
"3452","2","843","this sucks"
"3453","1","3739","essential"
"3454","0","0",
"3456","0","0",
"3457","0","0",
"3458","1","3993","remix???"
"3459","0","0",
"3461","1","3981","Errant"
"3462","1","3981","Soul"
"3463","1","3981","Remix"
"3464","1","3981","NIN Echoplex Dead Erran "
"3465","0","0",
"3484","2","888","sick messiah "
"3485","2","888","ProgRAMmed "
"3486","2","888","irreligion "
"3487","2","888","no religion "
"3488","2","888","anti religion "
"3489","2","888",
"3490","0","0",
"3491","0","0",
"3492","0","0",
"3493","1","3995","Break"
"3494","1","3995","your"
"3495","1","3995","beat"
"3496","1","3995","head"
"3497","1","3995","adrian"
"3498","1","3995","sinsol"
"3499","1","3995","only"
"3500","0","0",
"3501","0","0",
"3502","1","3996","top quality"
"3503","1","3996","full sound"
"3504","0","0",
"3506","0","0",
"3507","2","911","    * djjordanj "
"3508","2","911","NIN     * Jayz"
"3509","1","3998","huh"
"3510","2","913","try harder"
"3511","0","0",
"3513","2","911","suck"
"3515","0","0",
"3516","0","0",
"3517","1","3994","remix electronica"
"3518","0","0",
"3526","1","4002","speed"
"3525","1","4002","Hennesy"
"3523","1","4002","DAnny"
"3524","1","4002","Danny"
"3527","1","4002","Tansvestitestallion"
"3528","0","0",
"3529","0","0",
"3536","2","888","Sick Messiah"
"3537","2","888","Anti religion "
"3538","2","888","irreligious "
"3539","2","888","rage n wait"
"3540","2","888","Randall Rash "
"3541","2","888","Self Mutilated Beats "
"3542","2","888","Sick Messiah "
"3545","1","4009","tag1"
"3546","1","4009","tag 4"
"3547","0","0",
"3548","0","0",
"3549","0","0",
"3551","0","0",
"3552","0","0",
"3553","0","0",
"3554","2","855","deanbirchum"
"3558","0","0",
"3557","0","0",
"3559","0","0",
"3560","0","0",
"3561","0","0",
"3562","0","0",
"3563","0","0",
"3564","0","0",
"3565","0","0",
"3566","0","0",
"3567","0","0",
"3568","2","972","progRAMed "
"3569","2","972","sick messiah "
"3570","2","972","once one becomes numb "
"3571","2","972","self mutilated beats "
"3572","2","972",
"3573","0","0",
"3575","0","0",
"3576","0","0",
"3581","2","978","How to Destroy Angels"
"3582","2","978","The Space in Between"
"3583","2","978","NIN"
"3584","2","978",
"3586","0","0",
"3587","0","0",
"3588","1","1596","really"
"3589","1","1596","fucking"
"3590","1","1596","awesome"
"3591","0","0",
"3592","0","0",
"3593","0","0",
"3594","1","3543","Dean Birchum"
"3595","0","0",
"3597","0","0",
"3598","1","2890","god given"
"3599","0","0",
"3600","0","0",
"3602","0","0",
"3603","1","4033","remix "
"3604","1","4033","the greater good "
"3605","1","4033","ghost"
"3606","2","995","the fragile"
"3607","2","995","calm "
"3608","2","995","nashup"
"3609","0","0",
"3610","0","0",
"3611","0","0",
"3612","2","998","game boy"
"3613","2","998","chiptune"
"3614","2","998","8-bit"
"3638","0","0",
"3617","0","0",
"3618","0","0",
"3623","2","996","syth"
"3622","2","996","drum and bass"
"3624","2","996","dark"
"3625","2","996","Drum and Bass"
"3626","2","996","Syth"
"3627","0","0",
"3628","0","0",
"3630","0","0",
"3631","2","1005","all the love in the worl"
"3632","0","0",
"3636","0","0",
"3634","0","0",
"3635","0","0",
"3671","0","0",
"3639","2","994","NIN"
"3640","2","994","Please Comment!!"
"3665","2","1010","Sad"
"3660","2","1010","GlitchyFlame"
"3661","2","1010","Piano"
"3662","2","1010",
"3663","2","1010","Fan"
"3664","2","1010","Popular"
"3666","2","1010","sad Piano"
"3670","0","0",
"3682","0","0",
"3674","2","1013","www.soundcloud.com/chill"
"3676","0","0",
"3677","0","0",
"3679","0","0",
"3681","0","0",
"3683","0","0",
"3692","0","0",
"3688","0","0",
"3689","0","0",
"3690","0","0",
"3693","0","0",
"3696","0","0",
"3698","0","0",
"3700","0","0",
"3701","0","0",
"3702","2","442","Ð°Ð¿Ñ€"
"3703","0","0",
"3704","0","0",
"3705","0","0",
"3706","0","0",
"3708","0","0",
"3713","2","27","experimental"
"3712","2","27","psychadelic"
"3714","2","27","nice synths and edits."
"3715","2","27","Psychadelic"
"3716","2","27","unique"
"3717","0","0",
"3719","0","0",
"3729","0","0",
"3779","0","0",
"3725","0","0",
"3727","0","0",
"3731","0","0",
"3733","0","0",
"3740","0","0",
"3735","0","0",
"3739","0","0",
"3737","0","0",
"3738","0","0",
"3741","0","0",
"3743","0","0",
"3745","0","0",
"3746","0","0",
"3747","0","0",
"3754","1","4065","aliencrime"
"3755","1","4065","00nowhere"
"3756","1","4065","forteprenestino"
"3757","1","4065","jesterphunk"
"3758","1","4065","punk"
"3759","1","4065","techno"
"3760","1","4073","mveckgilodi"
"3761","1","3565","The Eternal Time Warrior"
"3762","0","0",
"3763","2","1020","triagemuzic"
"3764","2","1020","triage"
"3765","2","1020","gelli"
"3766","2","1020",
"3767","2","1025","triage"
"3768","2","1025","triagemuzic"
"3769","2","1025","gelli"
"3770","2","945","triagemuzic"
"3771","2","945","triage"
"3772","2","945","gelli"
"3777","0","0",
"3775","0","0",
"3776","0","0",
"3778","0","0",
"3780","0","0",
"3781","0","0",
"3782","0","0",
"3783","0","0",
"3784","0","0",
"3785","0","0",
"3786","0","0",
"3788","0","0",
"3790","0","0",
"3791","0","0",
"3792","0","0",
"3793","0","0",
"3795","0","0",
"3796","0","0",
"3798","0","0",
"3799","0","0",
"3800","0","0",
"3802","0","0",
"3803","0","0",
"3805","0","0",
"3806","0","0",
"3808","0","0",
"3809","0","0",
"3810","0","0",
"3811","0","0",
"3813","0","0",
"3814","1","4065","best"
"3815","1","4065","pro"
"3816","0","0",
"3817","0","0",
"3819","0","0",
"3820","0","0",
"3821","0","0",
"3822","0","0",
"3826","0","0",
"3843","1","4075","nine inch nails"
"3842","1","4075","nin"
"3841","1","4075","redliss"
"3840","1","4075","jeff freeman"
"3833","0","0",
"3835","0","0",
"3837","0","0",
"3838","0","0",
"3839","0","0",
"3844","1","4075","remix"
"3845","1","4075","the four of us are dying"
"3846","0","0",
"3848","0","0",
"3850","0","0",
"3851","0","0",
"3854","0","0",
"3925","0","0",
"3855","0","0",
"3857","0","0",
"3858","0","0",
"3859","0","0",
"3860","0","0",
"3861","0","0",
"3862","0","0",
"3934","0","0",
"3865","0","0",
"3866","0","0",
"3867","0","0",
"3868","2","947","justenjoythemusic"
"3869","0","0",
"3871","0","0",
"3875","0","0",
"3878","0","0",
"3880","0","0",
"3882","0","0",
"3883","0","0",
"3884","0","0",
"3886","0","0",
"3887","0","0",
"3890","0","0",
"3889","0","0",
"3892","0","0",
"3893","0","0",
"3894","0","0",
"3899","0","0",
"3896","0","0",
"3898","0","0",
"3900","0","0",
"3902","1","4080","real"
"3903","1","3990","special forces"
"3904","0","0",
"3906","0","0",
"3907","0","0",
"3911","0","0",
"3912","0","0",
"3913","0","0",
"3915","0","0",
"3917","0","0",
"3918","0","0",
"3919","0","0",
"3923","0","0",
"3922","0","0",
"3924","0","0",
"3927","0","0",
"3928","0","0",
"3929","0","0",
"3930","0","0",
"3931","0","0",
"3932","0","0",
"3936","0","0",
